,Logistic Regression,Decision Tree,Gradient Boosting,SVM,k-NN
Sample1,0.9180327868852459,0.9016393442622951,0.9344262295081968,0.7213114754098361,0.6557377049180327
Sample2,0.9508196721311475,0.9016393442622951,0.9344262295081968,0.7540983606557377,0.7540983606557377
Sample3,0.7419354838709677,0.9032258064516129,0.9516129032258065,0.6774193548387096,0.7258064516129032
Sample4,0.9836065573770492,0.9508196721311475,0.9508196721311475,0.6885245901639344,0.7540983606557377
Sample5,0.9508196721311475,0.9672131147540983,0.9672131147540983,0.639344262295082,0.7540983606557377
